{
  "geminiApiKey": "AIzaSyBFuyc6djAr1OXiBQhU7rluXOkWNxcVPfc",
  "companyName": "Utah's Marketing Corp",
  "yourRole": "Account Executive",
  "product": "Most marketing decisions are made on past data or gut feel.\nWe give companies a \"know before you go\" environment where they can test audiences, channels, spend levels, and messaging strategies before launching campaigns in the real world.",
  "valueProp": "We help brands predict which marketing strategies will work before they spend — using data, simulation, and scenario testing to reduce wasted budget and increase campaign ROI.",
  "targetPersonas": "CMO, VP, Executive, Founder",
  "targetIndustries": "",
  "competitors": "",
  "dealSize": "25000",
  "conversionRate": "20",
  "oppWinRate": "10",
  "eventGoal": "",
  "notes": "",
  "onboardingComplete": true
}
