{
  "geminiApiKey": "AIzaSyBFuyc6djAr1OXiBQhU7rluXOkWNxcVPfc",
  "companyName": "Brigham Young University",
  "yourRole": "Frontend Developer",
  "product": "I build production-ready frontend products—from Figma to fast, accessible, responsive UI—integrated with real APIs and shipped with clean component architecture.",
  "valueProp": "I turn product ideas into fast, scalable, user-loved frontend applications that are ready for real users, real data, and real business decisions.",
  "targetPersonas": "Head of Product, Startup Founder",
  "targetIndustries": "",
  "competitors": "",
  "dealSize": "",
  "conversionRate": "",
  "oppWinRate": "",
  "eventGoal": "",
  "notes": "",
  "onboardingComplete": true
}
