{
  "geminiApiKey": "AIzaSyBFuyc6djAr1OXiBQhU7rluXOkWNxcVPfc",
  "companyName": "Blue Unicorn",
  "yourRole": "Director of Product",
  "product": "Health-conscious, convenience-driven consumers who want high-protein, clean-label, great-tasting nutrition that fits daily life — not just gym culture.",
  "valueProp": "I create protein bar products that win at shelf and in repeat purchase — balancing taste, nutrition trends, manufacturing reality, and retail velocity to drive profitable growth.",
  "targetPersonas": "Retail Partnerships, Brand Marketing, Market Research",
  "targetIndustries": "",
  "competitors": "",
  "dealSize": "",
  "conversionRate": "",
  "oppWinRate": "",
  "eventGoal": "",
  "notes": "",
  "onboardingComplete": true
}
